<?xml version="1.0" encoding="utf-8" ?>
<dwsync>
<file name="fa-brands-400.woff2" server="C:/wamp64/www/movie/" local="133079903250000000" remote="133079939250000000" Dst="1" />
<file name="fa-brands-400.ttf" server="C:/wamp64/www/movie/" local="133079903280000000" remote="133079939280000000" Dst="1" />
<file name="fa-duotone-900.woff2" server="C:/wamp64/www/movie/" local="133079903310000000" remote="133079939310000000" Dst="1" />
<file name="fa-duotone-900.ttf" server="C:/wamp64/www/movie/" local="133079903370000000" remote="133079939370000000" Dst="1" />
<file name="fa-light-300.woff2" server="C:/wamp64/www/movie/" local="133079903320000000" remote="133079939320000000" Dst="1" />
<file name="fa-light-300.ttf" server="C:/wamp64/www/movie/" local="133079903390000000" remote="133079939390000000" Dst="1" />
<file name="fa-regular-400.woff2" server="C:/wamp64/www/movie/" local="133079903350000000" remote="133079939350000000" Dst="1" />
<file name="fa-regular-400.ttf" server="C:/wamp64/www/movie/" local="133079903450000000" remote="133079939450000000" Dst="1" />
<file name="fa-solid-900.woff2" server="C:/wamp64/www/movie/" local="133079903400000000" remote="133079939400000000" Dst="1" />
<file name="fa-solid-900.ttf" server="C:/wamp64/www/movie/" local="133079903440000000" remote="133079939440000000" Dst="1" />
<file name="fa-thin-100.woff2" server="C:/wamp64/www/movie/" local="133079903440000000" remote="133079939440000000" Dst="1" />
<file name="fa-thin-100.ttf" server="C:/wamp64/www/movie/" local="133079903510000000" remote="133079939510000000" Dst="1" />
<file name="fa-v4compatibility.woff2" server="C:/wamp64/www/movie/" local="133079903450000000" remote="133079939450000000" Dst="1" />
<file name="fa-v4compatibility.ttf" server="C:/wamp64/www/movie/" local="133079903460000000" remote="133079939460000000" Dst="1" />
<file name="fa-brands-400.woff2" server="rezapnp.ir/public_html/rprp/movie/" local="133032162980000000" remote="133077645000000000" Dst="2" />
<file name="fa-brands-400.ttf" server="rezapnp.ir/public_html/rprp/movie/" local="133032162980000000" remote="133077645000000000" Dst="2" />
<file name="fa-duotone-900.woff2" server="rezapnp.ir/public_html/rprp/movie/" local="133032162980000000" remote="133077645000000000" Dst="2" />
<file name="fa-light-300.woff2" server="rezapnp.ir/public_html/rprp/movie/" local="133032162980000000" remote="133077645000000000" Dst="2" />
<file name="fa-duotone-900.ttf" server="rezapnp.ir/public_html/rprp/movie/" local="133032162980000000" remote="133077645000000000" Dst="2" />
<file name="fa-regular-400.woff2" server="rezapnp.ir/public_html/rprp/movie/" local="133032162980000000" remote="133077645000000000" Dst="2" />
<file name="fa-light-300.ttf" server="rezapnp.ir/public_html/rprp/movie/" local="133032162980000000" remote="133077645000000000" Dst="2" />
<file name="fa-solid-900.woff2" server="rezapnp.ir/public_html/rprp/movie/" local="133032162980000000" remote="133077645000000000" Dst="2" />
<file name="fa-regular-400.ttf" server="rezapnp.ir/public_html/rprp/movie/" local="133032162980000000" remote="133077645000000000" Dst="2" />
<file name="fa-solid-900.ttf" server="rezapnp.ir/public_html/rprp/movie/" local="133032162980000000" remote="133077645000000000" Dst="2" />
<file name="fa-thin-100.woff2" server="rezapnp.ir/public_html/rprp/movie/" local="133032162980000000" remote="133077645000000000" Dst="2" />
<file name="fa-v4compatibility.woff2" server="rezapnp.ir/public_html/rprp/movie/" local="133032162980000000" remote="133077645000000000" Dst="2" />
<file name="fa-v4compatibility.ttf" server="rezapnp.ir/public_html/rprp/movie/" local="133032162980000000" remote="133077645000000000" Dst="2" />
<file name="fa-thin-100.ttf" server="rezapnp.ir/public_html/rprp/movie/" local="133032162980000000" remote="133077645600000000" Dst="2" />
<file name="fa-brands-400.woff2" server="movienjoy.ir/movienjoy.ir/" local="133079903250000000" remote="133129451400000000" Dst="1" />
<file name="fa-brands-400.ttf" server="movienjoy.ir/movienjoy.ir/" local="133079903280000000" remote="133129450800000000" Dst="1" />
<file name="fa-duotone-900.woff2" server="movienjoy.ir/movienjoy.ir/" local="133079903310000000" remote="133129451400000000" Dst="1" />
<file name="fa-light-300.woff2" server="movienjoy.ir/movienjoy.ir/" local="133079903320000000" remote="133129451400000000" Dst="1" />
<file name="fa-regular-400.woff2" server="movienjoy.ir/movienjoy.ir/" local="133079903350000000" remote="133129451400000000" Dst="1" />
<file name="fa-duotone-900.ttf" server="movienjoy.ir/movienjoy.ir/" local="133079903370000000" remote="133129451400000000" Dst="1" />
<file name="fa-light-300.ttf" server="movienjoy.ir/movienjoy.ir/" local="133079903390000000" remote="133129451400000000" Dst="1" />
<file name="fa-solid-900.woff2" server="movienjoy.ir/movienjoy.ir/" local="133079903400000000" remote="133129452000000000" Dst="1" />
<file name="fa-solid-900.ttf" server="movienjoy.ir/movienjoy.ir/" local="133079903440000000" remote="133129452000000000" Dst="1" />
<file name="fa-thin-100.woff2" server="movienjoy.ir/movienjoy.ir/" local="133079903440000000" remote="133129452000000000" Dst="1" />
<file name="fa-v4compatibility.woff2" server="movienjoy.ir/movienjoy.ir/" local="133079903450000000" remote="133129452000000000" Dst="1" />
<file name="fa-regular-400.ttf" server="movienjoy.ir/movienjoy.ir/" local="133079903450000000" remote="133129451400000000" Dst="1" />
<file name="fa-v4compatibility.ttf" server="movienjoy.ir/movienjoy.ir/" local="133079903460000000" remote="133129452000000000" Dst="1" />
<file name="fa-thin-100.ttf" server="movienjoy.ir/movienjoy.ir/" local="133079903510000000" remote="133129452000000000" Dst="1" />
</dwsync>