<?xml version="1.0" encoding="utf-8" ?>
<dwsync>
<file name="roboto.eot" server="rezapnp.ir/public_html/store_php_/" local="132893823580000000" remote="132893953800000000" Dst="1" />
<file name="roboto.woff" server="rezapnp.ir/public_html/store_php_/" local="132893823580000000" remote="132893953800000000" Dst="1" />
<file name="roboto.ttf" server="rezapnp.ir/public_html/store_php_/" local="132893823580000000" remote="132893953800000000" Dst="1" />
<file name="roboto.woff2" server="rezapnp.ir/public_html/store_php_/" local="132893823580000000" remote="132893953800000000" Dst="1" />
<file name="Vazir-Black.eot" server="rezapnp.ir/public_html/store_php_/" local="132741798780000000" remote="132893953800000000" Dst="1" />
<file name="Vazir-Black.woff2" server="rezapnp.ir/public_html/store_php_/" local="132741798780000000" remote="132893953800000000" Dst="1" />
<file name="Vazir-Black.ttf" server="rezapnp.ir/public_html/store_php_/" local="132741798740000000" remote="132893953800000000" Dst="1" />
<file name="Vazir-Black.woff" server="rezapnp.ir/public_html/store_php_/" local="132741798780000000" remote="132893953800000000" Dst="1" />
<file name="Vazir-Bold.woff" server="rezapnp.ir/public_html/store_php_/" local="132741799080000000" remote="132893953800000000" Dst="1" />
<file name="Vazir-Bold.ttf" server="rezapnp.ir/public_html/store_php_/" local="132741799040000000" remote="132893953800000000" Dst="1" />
<file name="Vazir-Bold.woff2" server="rezapnp.ir/public_html/store_php_/" local="132741799080000000" remote="132893953800000000" Dst="1" />
<file name="Vazir-Bold.eot" server="rezapnp.ir/public_html/store_php_/" local="132741799080000000" remote="132893953800000000" Dst="1" />
<file name="Vazir-Light.eot" server="rezapnp.ir/public_html/store_php_/" local="132741799340000000" remote="132893953800000000" Dst="1" />
<file name="Vazir-Light.ttf" server="rezapnp.ir/public_html/store_php_/" local="132741799320000000" remote="132893953800000000" Dst="1" />
<file name="Vazir-Light.woff" server="rezapnp.ir/public_html/store_php_/" local="132741799340000000" remote="132893953800000000" Dst="1" />
<file name="Vazir-Light.woff2" server="rezapnp.ir/public_html/store_php_/" local="132741799360000000" remote="132893953800000000" Dst="1" />
<file name="Vazir-Medium.woff" server="rezapnp.ir/public_html/store_php_/" local="132741799660000000" remote="132893953800000000" Dst="1" />
<file name="Vazir-Medium.ttf" server="rezapnp.ir/public_html/store_php_/" local="132741799620000000" remote="132893953800000000" Dst="1" />
<file name="Vazir-Medium.woff2" server="rezapnp.ir/public_html/store_php_/" local="132741799660000000" remote="132893953800000000" Dst="1" />
<file name="Vazir-Medium.eot" server="rezapnp.ir/public_html/store_php_/" local="132741799660000000" remote="132893953800000000" Dst="1" />
<file name="Vazir-Regular.ttf" server="rezapnp.ir/public_html/store_php_/" local="132741799920000000" remote="132893953800000000" Dst="1" />
<file name="Vazir-Regular.eot" server="rezapnp.ir/public_html/store_php_/" local="132741799960000000" remote="132893953800000000" Dst="1" />
<file name="Vazir-Regular.woff2" server="rezapnp.ir/public_html/store_php_/" local="132741799960000000" remote="132893953800000000" Dst="1" />
<file name="Vazir-Regular.woff" server="rezapnp.ir/public_html/store_php_/" local="132741799960000000" remote="132893953800000000" Dst="1" />
<file name="Vazir-Thin.woff" server="rezapnp.ir/public_html/store_php_/" local="132741800260000000" remote="132893954400000000" Dst="1" />
<file name="Vazir-Thin.eot" server="rezapnp.ir/public_html/store_php_/" local="132741800260000000" remote="132893954400000000" Dst="1" />
<file name="Vazir-Thin.woff2" server="rezapnp.ir/public_html/store_php_/" local="132741800280000000" remote="132893954400000000" Dst="1" />
<file name="Vazir-Thin.ttf" server="rezapnp.ir/public_html/store_php_/" local="132741800240000000" remote="132893954400000000" Dst="1" />
<file name="Vazir-Black.eot" server="rezapnp.ir/public_html/" local="132741798780000000" remote="132926783400000000" Dst="2" />
<file name="Vazir-Black.woff" server="rezapnp.ir/public_html/" local="132741798780000000" remote="132926779200000000" Dst="2" />
<file name="Vazir-Black.ttf" server="rezapnp.ir/public_html/" local="132741798740000000" remote="132926779200000000" Dst="2" />
<file name="Vazir-Black.woff2" server="rezapnp.ir/public_html/" local="132741798780000000" remote="132926779200000000" Dst="2" />
<file name="Vazir-Bold.woff2" server="rezapnp.ir/public_html/" local="132741799080000000" remote="132926779200000000" Dst="2" />
<file name="Vazir-Bold.woff" server="rezapnp.ir/public_html/" local="132741799080000000" remote="132926779200000000" Dst="2" />
<file name="Vazir-Bold.eot" server="rezapnp.ir/public_html/" local="132741799080000000" remote="132926779200000000" Dst="2" />
<file name="Vazir-Bold.ttf" server="rezapnp.ir/public_html/" local="132741799040000000" remote="132926779200000000" Dst="2" />
<file name="Vazir-Light.woff2" server="rezapnp.ir/public_html/" local="132741799360000000" remote="132926779200000000" Dst="2" />
<file name="Vazir-Light.eot" server="rezapnp.ir/public_html/" local="132741799340000000" remote="132926779200000000" Dst="2" />
<file name="Vazir-Light.woff" server="rezapnp.ir/public_html/" local="132741799340000000" remote="132926779200000000" Dst="2" />
<file name="Vazir-Light.ttf" server="rezapnp.ir/public_html/" local="132741799320000000" remote="132926779200000000" Dst="2" />
<file name="Vazir-Medium.woff2" server="rezapnp.ir/public_html/" local="132741799660000000" remote="132926779200000000" Dst="2" />
<file name="Vazir-Medium.woff" server="rezapnp.ir/public_html/" local="132741799660000000" remote="132926779200000000" Dst="2" />
<file name="Vazir-Medium.eot" server="rezapnp.ir/public_html/" local="132741799660000000" remote="132926779200000000" Dst="2" />
<file name="Vazir-Regular.eot" server="rezapnp.ir/public_html/" local="132741799960000000" remote="132926779200000000" Dst="2" />
<file name="Vazir-Medium.ttf" server="rezapnp.ir/public_html/" local="132741799620000000" remote="132926779200000000" Dst="2" />
<file name="Vazir-Regular.woff2" server="rezapnp.ir/public_html/" local="132741799960000000" remote="132926779200000000" Dst="2" />
<file name="Vazir-Regular.woff" server="rezapnp.ir/public_html/" local="132741799960000000" remote="132926779200000000" Dst="2" />
<file name="Vazir-Thin.woff2" server="rezapnp.ir/public_html/" local="132741800280000000" remote="132926779200000000" Dst="2" />
<file name="Vazir-Thin.eot" server="rezapnp.ir/public_html/" local="132741800260000000" remote="132926779200000000" Dst="2" />
<file name="Vazir-Thin.woff" server="rezapnp.ir/public_html/" local="132741800260000000" remote="132926779200000000" Dst="2" />
<file name="Vazir-Regular.ttf" server="rezapnp.ir/public_html/" local="132741799920000000" remote="132926779200000000" Dst="2" />
<file name="roboto.eot" server="rezapnp.ir/public_html/" local="132893823580000000" remote="132926779200000000" Dst="2" />
<file name="Vazir-Thin.ttf" server="rezapnp.ir/public_html/" local="132741800240000000" remote="132926779200000000" Dst="2" />
<file name="roboto.woff" server="rezapnp.ir/public_html/" local="132893823580000000" remote="132926779200000000" Dst="2" />
<file name="roboto.woff2" server="rezapnp.ir/public_html/" local="132893823580000000" remote="132926779200000000" Dst="2" />
<file name="roboto.ttf" server="rezapnp.ir/public_html/" local="132893823580000000" remote="132926779200000000" Dst="2" />
<file name="Vazir-Black.woff2" server="rezapnp.ir/public_html/movie/" local="132741798780000000" remote="132958714200000000" Dst="2" />
<file name="Vazir-Black.eot" server="rezapnp.ir/public_html/movie/" local="132741798780000000" remote="132958714200000000" Dst="2" />
<file name="Vazir-Black.ttf" server="rezapnp.ir/public_html/movie/" local="132741798740000000" remote="132958714200000000" Dst="2" />
<file name="Vazir-Black.woff" server="rezapnp.ir/public_html/movie/" local="132741798780000000" remote="132958714200000000" Dst="2" />
<file name="Vazir-Bold.woff2" server="rezapnp.ir/public_html/movie/" local="132741799080000000" remote="132958714200000000" Dst="2" />
<file name="Vazir-Bold.eot" server="rezapnp.ir/public_html/movie/" local="132741799080000000" remote="132958714200000000" Dst="2" />
<file name="Vazir-Bold.woff" server="rezapnp.ir/public_html/movie/" local="132741799080000000" remote="132958714200000000" Dst="2" />
<file name="Vazir-Light.woff2" server="rezapnp.ir/public_html/movie/" local="132741799360000000" remote="132958714200000000" Dst="2" />
<file name="Vazir-Bold.ttf" server="rezapnp.ir/public_html/movie/" local="132741799040000000" remote="132958714200000000" Dst="2" />
<file name="Vazir-Light.eot" server="rezapnp.ir/public_html/movie/" local="132741799340000000" remote="132958714200000000" Dst="2" />
<file name="Vazir-Light.woff" server="rezapnp.ir/public_html/movie/" local="132741799340000000" remote="132958714200000000" Dst="2" />
<file name="Vazir-Light.ttf" server="rezapnp.ir/public_html/movie/" local="132741799320000000" remote="132958714200000000" Dst="2" />
<file name="Vazir-Medium.woff2" server="rezapnp.ir/public_html/movie/" local="132741799660000000" remote="132958714200000000" Dst="2" />
<file name="Vazir-Medium.woff" server="rezapnp.ir/public_html/movie/" local="132741799660000000" remote="132958714200000000" Dst="2" />
<file name="Vazir-Medium.eot" server="rezapnp.ir/public_html/movie/" local="132741799660000000" remote="132958714200000000" Dst="2" />
<file name="Vazir-Regular.woff2" server="rezapnp.ir/public_html/movie/" local="132741799960000000" remote="132958714200000000" Dst="2" />
<file name="Vazir-Medium.ttf" server="rezapnp.ir/public_html/movie/" local="132741799620000000" remote="132958714800000000" Dst="2" />
<file name="Vazir-Regular.eot" server="rezapnp.ir/public_html/movie/" local="132741799960000000" remote="132958714800000000" Dst="2" />
<file name="Vazir-Regular.woff" server="rezapnp.ir/public_html/movie/" local="132741799960000000" remote="132958714800000000" Dst="2" />
<file name="Vazir-Thin.woff2" server="rezapnp.ir/public_html/movie/" local="132741800280000000" remote="132958714800000000" Dst="2" />
<file name="Vazir-Thin.eot" server="rezapnp.ir/public_html/movie/" local="132741800260000000" remote="132958714800000000" Dst="2" />
<file name="Vazir-Regular.ttf" server="rezapnp.ir/public_html/movie/" local="132741799920000000" remote="132958714800000000" Dst="2" />
<file name="Vazir-Thin.woff" server="rezapnp.ir/public_html/movie/" local="132741800260000000" remote="132958714800000000" Dst="2" />
<file name="roboto.eot" server="rezapnp.ir/public_html/movie/" local="132893823580000000" remote="132958714800000000" Dst="2" />
<file name="roboto.woff" server="rezapnp.ir/public_html/movie/" local="132893823580000000" remote="132958714800000000" Dst="2" />
<file name="roboto.woff2" server="rezapnp.ir/public_html/movie/" local="132893823580000000" remote="132958714800000000" Dst="2" />
<file name="Vazir-Thin.ttf" server="rezapnp.ir/public_html/movie/" local="132741800240000000" remote="132958714800000000" Dst="2" />
<file name="roboto.ttf" server="rezapnp.ir/public_html/movie/" local="132893823580000000" remote="132958714800000000" Dst="2" />
<file name="Vazir-Black.eot" server="C:/wamp64/www/movie" local="132741798780000000" remote="132741798780000000" Dst="2" />
<file name="Vazir-Black.woff2" server="C:/wamp64/www/movie" local="132741798780000000" remote="132741798780000000" Dst="2" />
<file name="Vazir-Black.woff" server="C:/wamp64/www/movie" local="132741798780000000" remote="132741798780000000" Dst="2" />
<file name="Vazir-Black.ttf" server="C:/wamp64/www/movie" local="132741798740000000" remote="132741798740000000" Dst="2" />
<file name="Vazir-Bold.eot" server="C:/wamp64/www/movie" local="132741799080000000" remote="132741799080000000" Dst="2" />
<file name="Vazir-Bold.woff2" server="C:/wamp64/www/movie" local="132741799080000000" remote="132741799080000000" Dst="2" />
<file name="Vazir-Bold.woff" server="C:/wamp64/www/movie" local="132741799080000000" remote="132741799080000000" Dst="2" />
<file name="Vazir-Bold.ttf" server="C:/wamp64/www/movie" local="132741799040000000" remote="132741799040000000" Dst="2" />
<file name="Vazir-Light.eot" server="C:/wamp64/www/movie" local="132741799340000000" remote="132741799340000000" Dst="2" />
<file name="Vazir-Light.woff2" server="C:/wamp64/www/movie" local="132741799360000000" remote="132741799360000000" Dst="2" />
<file name="Vazir-Light.woff" server="C:/wamp64/www/movie" local="132741799340000000" remote="132741799340000000" Dst="2" />
<file name="Vazir-Light.ttf" server="C:/wamp64/www/movie" local="132741799320000000" remote="132741799320000000" Dst="2" />
<file name="Vazir-Medium.eot" server="C:/wamp64/www/movie" local="132741799660000000" remote="132741799660000000" Dst="2" />
<file name="Vazir-Medium.woff2" server="C:/wamp64/www/movie" local="132741799660000000" remote="132741799660000000" Dst="2" />
<file name="Vazir-Medium.woff" server="C:/wamp64/www/movie" local="132741799660000000" remote="132741799660000000" Dst="2" />
<file name="Vazir-Medium.ttf" server="C:/wamp64/www/movie" local="132741799620000000" remote="132741799620000000" Dst="2" />
<file name="Vazir-Regular.eot" server="C:/wamp64/www/movie" local="132741799960000000" remote="132741799960000000" Dst="2" />
<file name="Vazir-Regular.woff2" server="C:/wamp64/www/movie" local="132741799960000000" remote="132741799960000000" Dst="2" />
<file name="Vazir-Regular.woff" server="C:/wamp64/www/movie" local="132741799960000000" remote="132741799960000000" Dst="2" />
<file name="Vazir-Regular.ttf" server="C:/wamp64/www/movie" local="132741799920000000" remote="132741799920000000" Dst="2" />
<file name="Vazir-Thin.eot" server="C:/wamp64/www/movie" local="132741800260000000" remote="132741800260000000" Dst="2" />
<file name="Vazir-Thin.woff2" server="C:/wamp64/www/movie" local="132741800280000000" remote="132741800280000000" Dst="2" />
<file name="Vazir-Thin.woff" server="C:/wamp64/www/movie" local="132741800260000000" remote="132741800260000000" Dst="2" />
<file name="Vazir-Thin.ttf" server="C:/wamp64/www/movie" local="132741800240000000" remote="132741800240000000" Dst="2" />
<file name="roboto.eot" server="C:/wamp64/www/movie" local="132893823580000000" remote="132893787580000000" Dst="2" />
<file name="roboto.woff2" server="C:/wamp64/www/movie" local="132893823580000000" remote="132893787580000000" Dst="2" />
<file name="roboto.woff" server="C:/wamp64/www/movie" local="132893823580000000" remote="132893787580000000" Dst="2" />
<file name="roboto.ttf" server="C:/wamp64/www/movie" local="132893823580000000" remote="132893787580000000" Dst="2" />
<file name="Monoton.woff2" server="rezapnp.ir/public_html/movie/" local="132648205940000000" remote="132970307400000000" Dst="2" />
<file name="Monoton.ttf" server="rezapnp.ir/public_html/movie/" local="130861448360000000" remote="132970307400000000" Dst="2" />
<file name="Monoton.woff" server="rezapnp.ir/public_html/movie/" local="132618417180000000" remote="132970307400000000" Dst="2" />
<file name="Vazir-Black.eot" server="C:/wamp64/www/movie/" local="133127554586111747" remote="133127554580000000" Dst="1" />
<file name="Vazir-Black.woff2" server="C:/wamp64/www/movie/" local="133127554589003032" remote="133127554580000000" Dst="1" />
<file name="Vazir-Black.woff" server="C:/wamp64/www/movie/" local="133127554591723573" remote="133127554590000000" Dst="1" />
<file name="Vazir-Black.ttf" server="C:/wamp64/www/movie/" local="133127554596340124" remote="133127554590000000" Dst="1" />
<file name="Vazir-Bold.eot" server="C:/wamp64/www/movie/" local="133127554603787389" remote="133127554600000000" Dst="1" />
<file name="Vazir-Bold.woff2" server="C:/wamp64/www/movie/" local="133127554610063164" remote="133127554610000000" Dst="1" />
<file name="Vazir-Bold.woff" server="C:/wamp64/www/movie/" local="133127554605976314" remote="133127554600000000" Dst="1" />
<file name="Vazir-Bold.ttf" server="C:/wamp64/www/movie/" local="133127554615678144" remote="133127554610000000" Dst="1" />
<file name="Vazir-Light.eot" server="C:/wamp64/www/movie/" local="133127554618326749" remote="133127554610000000" Dst="1" />
<file name="Vazir-Light.woff2" server="C:/wamp64/www/movie/" local="133127554619714757" remote="133127554610000000" Dst="1" />
<file name="Vazir-Light.woff" server="C:/wamp64/www/movie/" local="133127554624194100" remote="133127554620000000" Dst="1" />
<file name="Vazir-Light.ttf" server="C:/wamp64/www/movie/" local="133127554631751503" remote="133127554630000000" Dst="1" />
<file name="Vazir-Medium.eot" server="C:/wamp64/www/movie/" local="133127554634841009" remote="133127554630000000" Dst="1" />
<file name="Vazir-Medium.woff2" server="C:/wamp64/www/movie/" local="133127554634151178" remote="133127554630000000" Dst="1" />
<file name="Vazir-Medium.woff" server="C:/wamp64/www/movie/" local="133127554640243816" remote="133127554640000000" Dst="1" />
<file name="Vazir-Medium.ttf" server="C:/wamp64/www/movie/" local="133127554648039964" remote="133127554640000000" Dst="1" />
<file name="Vazir-Regular.eot" server="C:/wamp64/www/movie/" local="133127554649133709" remote="133127554640000000" Dst="1" />
<file name="Vazir-Regular.woff2" server="C:/wamp64/www/movie/" local="133127554649758675" remote="133127554640000000" Dst="1" />
<file name="Vazir-Regular.woff" server="C:/wamp64/www/movie/" local="133127554656524345" remote="133127554650000000" Dst="1" />
<file name="Vazir-Regular.ttf" server="C:/wamp64/www/movie/" local="133127554662112922" remote="133127554660000000" Dst="1" />
<file name="Vazir-Thin.eot" server="C:/wamp64/www/movie/" local="133127554663574348" remote="133127554660000000" Dst="1" />
<file name="Vazir-Thin.woff2" server="C:/wamp64/www/movie/" local="133127554664668091" remote="133127554660000000" Dst="1" />
<file name="Vazir-Thin.woff" server="C:/wamp64/www/movie/" local="133127554670037851" remote="133127554670000000" Dst="1" />
<file name="Vazir-Thin.ttf" server="C:/wamp64/www/movie/" local="133127554674375737" remote="133127554670000000" Dst="1" />
<file name="roboto.eot" server="C:/wamp64/www/movie/" local="133127554670382169" remote="133127554670000000" Dst="1" />
<file name="roboto.woff2" server="C:/wamp64/www/movie/" local="133127554674625642" remote="133127554670000000" Dst="1" />
<file name="roboto.woff" server="C:/wamp64/www/movie/" local="133127554675092101" remote="133127554670000000" Dst="1" />
<file name="roboto.ttf" server="C:/wamp64/www/movie/" local="133127554679292494" remote="133127554670000000" Dst="1" />
<file name="Monoton.woff2" server="C:/wamp64/www/movie/" local="133127554677518874" remote="133127554670000000" Dst="1" />
<file name="Monoton.woff" server="C:/wamp64/www/movie/" local="133127554679552409" remote="133127554670000000" Dst="1" />
<file name="Monoton.ttf" server="C:/wamp64/www/movie/" local="133127554683678859" remote="133127554680000000" Dst="1" />
<file name="Vazir-Black.woff2" server="rezapnp.ir/public_html/rprp/movie/" local="132741798780000000" remote="133077640200000000" Dst="2" />
<file name="Vazir-Black.woff" server="rezapnp.ir/public_html/rprp/movie/" local="132741798780000000" remote="133077640200000000" Dst="2" />
<file name="Vazir-Black.eot" server="rezapnp.ir/public_html/rprp/movie/" local="132741798780000000" remote="133077640200000000" Dst="2" />
<file name="Vazir-Black.ttf" server="rezapnp.ir/public_html/rprp/movie/" local="132741798740000000" remote="133077640200000000" Dst="2" />
<file name="Vazir-Bold.eot" server="rezapnp.ir/public_html/rprp/movie/" local="132741799080000000" remote="133077640200000000" Dst="2" />
<file name="Vazir-Bold.woff2" server="rezapnp.ir/public_html/rprp/movie/" local="132741799080000000" remote="133077640200000000" Dst="2" />
<file name="Vazir-Bold.woff" server="rezapnp.ir/public_html/rprp/movie/" local="132741799080000000" remote="133077640200000000" Dst="2" />
<file name="Vazir-Bold.ttf" server="rezapnp.ir/public_html/rprp/movie/" local="132741799040000000" remote="133077640200000000" Dst="2" />
<file name="Vazir-Light.woff2" server="rezapnp.ir/public_html/rprp/movie/" local="132741799360000000" remote="133077640200000000" Dst="2" />
<file name="Vazir-Light.eot" server="rezapnp.ir/public_html/rprp/movie/" local="132741799340000000" remote="133077640200000000" Dst="2" />
<file name="Vazir-Light.woff" server="rezapnp.ir/public_html/rprp/movie/" local="132741799340000000" remote="133077640200000000" Dst="2" />
<file name="Vazir-Medium.woff2" server="rezapnp.ir/public_html/rprp/movie/" local="132741799660000000" remote="133077640200000000" Dst="2" />
<file name="Vazir-Light.ttf" server="rezapnp.ir/public_html/rprp/movie/" local="132741799320000000" remote="133077640200000000" Dst="2" />
<file name="Vazir-Medium.eot" server="rezapnp.ir/public_html/rprp/movie/" local="132741799660000000" remote="133077640200000000" Dst="2" />
<file name="Vazir-Medium.woff" server="rezapnp.ir/public_html/rprp/movie/" local="132741799660000000" remote="133077640200000000" Dst="2" />
<file name="Vazir-Regular.eot" server="rezapnp.ir/public_html/rprp/movie/" local="132741799960000000" remote="133077640200000000" Dst="2" />
<file name="Vazir-Medium.ttf" server="rezapnp.ir/public_html/rprp/movie/" local="132741799620000000" remote="133077640200000000" Dst="2" />
<file name="Vazir-Regular.woff2" server="rezapnp.ir/public_html/rprp/movie/" local="132741799960000000" remote="133077640200000000" Dst="2" />
<file name="Vazir-Regular.woff" server="rezapnp.ir/public_html/rprp/movie/" local="132741799960000000" remote="133077640200000000" Dst="2" />
<file name="Vazir-Regular.ttf" server="rezapnp.ir/public_html/rprp/movie/" local="132741799920000000" remote="133077640200000000" Dst="2" />
<file name="Vazir-Thin.eot" server="rezapnp.ir/public_html/rprp/movie/" local="132741800260000000" remote="133077640200000000" Dst="2" />
<file name="Vazir-Thin.woff2" server="rezapnp.ir/public_html/rprp/movie/" local="132741800280000000" remote="133077640200000000" Dst="2" />
<file name="Vazir-Thin.woff" server="rezapnp.ir/public_html/rprp/movie/" local="132741800260000000" remote="133077640200000000" Dst="2" />
<file name="roboto.eot" server="rezapnp.ir/public_html/rprp/movie/" local="132893823580000000" remote="133077640200000000" Dst="2" />
<file name="Vazir-Thin.ttf" server="rezapnp.ir/public_html/rprp/movie/" local="132741800240000000" remote="133077640200000000" Dst="2" />
<file name="roboto.woff2" server="rezapnp.ir/public_html/rprp/movie/" local="132893823580000000" remote="133077640200000000" Dst="2" />
<file name="roboto.woff" server="rezapnp.ir/public_html/rprp/movie/" local="132893823580000000" remote="133077640200000000" Dst="2" />
<file name="roboto.ttf" server="rezapnp.ir/public_html/rprp/movie/" local="132893823580000000" remote="133077640200000000" Dst="2" />
<file name="Monoton.woff2" server="rezapnp.ir/public_html/rprp/movie/" local="132648205940000000" remote="133077640200000000" Dst="2" />
<file name="Monoton.woff" server="rezapnp.ir/public_html/rprp/movie/" local="132618417180000000" remote="133077640200000000" Dst="2" />
<file name="Monoton.ttf" server="rezapnp.ir/public_html/rprp/movie/" local="130861448360000000" remote="133077640200000000" Dst="2" />
<file name="Monoton.ttf" server="movienjoy.ir/movienjoy.ir/" local="133127554683678859" remote="133129447800000000" Dst="1" />
<file name="Monoton.woff" server="movienjoy.ir/movienjoy.ir/" local="133127554679552409" remote="133129447800000000" Dst="1" />
<file name="roboto.eot" server="movienjoy.ir/movienjoy.ir/" local="133127554670382169" remote="133129447800000000" Dst="1" />
<file name="Monoton.woff2" server="movienjoy.ir/movienjoy.ir/" local="133127554677518874" remote="133129447800000000" Dst="1" />
<file name="roboto.ttf" server="movienjoy.ir/movienjoy.ir/" local="133127554679292494" remote="133129447800000000" Dst="1" />
<file name="roboto.woff" server="movienjoy.ir/movienjoy.ir/" local="133127554675092101" remote="133129447800000000" Dst="1" />
<file name="roboto.woff2" server="movienjoy.ir/movienjoy.ir/" local="133127554674625642" remote="133129447800000000" Dst="1" />
<file name="Vazir-Black.eot" server="movienjoy.ir/movienjoy.ir/" local="133127554586111747" remote="133129447800000000" Dst="1" />
<file name="Vazir-Black.woff2" server="movienjoy.ir/movienjoy.ir/" local="133127554589003032" remote="133129447800000000" Dst="1" />
<file name="Vazir-Black.ttf" server="movienjoy.ir/movienjoy.ir/" local="133127554596340124" remote="133129447800000000" Dst="1" />
<file name="Vazir-Black.woff" server="movienjoy.ir/movienjoy.ir/" local="133127554591723573" remote="133129447800000000" Dst="1" />
<file name="Vazir-Bold.woff" server="movienjoy.ir/movienjoy.ir/" local="133127554605976314" remote="133129447800000000" Dst="1" />
<file name="Vazir-Bold.eot" server="movienjoy.ir/movienjoy.ir/" local="133127554603787389" remote="133129447800000000" Dst="1" />
<file name="Vazir-Bold.ttf" server="movienjoy.ir/movienjoy.ir/" local="133127554615678144" remote="133129447800000000" Dst="1" />
<file name="Vazir-Bold.woff2" server="movienjoy.ir/movienjoy.ir/" local="133127554610063164" remote="133129447800000000" Dst="1" />
<file name="Vazir-Light.eot" server="movienjoy.ir/movienjoy.ir/" local="133127554618326749" remote="133129447800000000" Dst="1" />
<file name="Vazir-Light.woff" server="movienjoy.ir/movienjoy.ir/" local="133127554624194100" remote="133129447800000000" Dst="1" />
<file name="Vazir-Light.woff2" server="movienjoy.ir/movienjoy.ir/" local="133127554619714757" remote="133129447800000000" Dst="1" />
<file name="Vazir-Light.ttf" server="movienjoy.ir/movienjoy.ir/" local="133127554631751503" remote="133129447800000000" Dst="1" />
<file name="Vazir-Medium.woff" server="movienjoy.ir/movienjoy.ir/" local="133127554640243816" remote="133129447800000000" Dst="1" />
<file name="Vazir-Medium.eot" server="movienjoy.ir/movienjoy.ir/" local="133127554634841009" remote="133129447800000000" Dst="1" />
<file name="Vazir-Medium.woff2" server="movienjoy.ir/movienjoy.ir/" local="133127554634151178" remote="133129447800000000" Dst="1" />
<file name="Vazir-Medium.ttf" server="movienjoy.ir/movienjoy.ir/" local="133127554648039964" remote="133129447800000000" Dst="1" />
<file name="Vazir-Regular.eot" server="movienjoy.ir/movienjoy.ir/" local="133127554649133709" remote="133129447800000000" Dst="1" />
<file name="Vazir-Regular.woff" server="movienjoy.ir/movienjoy.ir/" local="133127554656524345" remote="133129447800000000" Dst="1" />
<file name="Vazir-Regular.ttf" server="movienjoy.ir/movienjoy.ir/" local="133127554662112922" remote="133129447800000000" Dst="1" />
<file name="Vazir-Regular.woff2" server="movienjoy.ir/movienjoy.ir/" local="133127554649758675" remote="133129447800000000" Dst="1" />
<file name="Vazir-Thin.eot" server="movienjoy.ir/movienjoy.ir/" local="133127554663574348" remote="133129447800000000" Dst="1" />
<file name="Vazir-Thin.ttf" server="movienjoy.ir/movienjoy.ir/" local="133127554674375737" remote="133129447800000000" Dst="1" />
<file name="Vazir-Thin.woff2" server="movienjoy.ir/movienjoy.ir/" local="133127554664668091" remote="133129447800000000" Dst="1" />
<file name="Vazir-Thin.woff" server="movienjoy.ir/movienjoy.ir/" local="133127554670037851" remote="133129447800000000" Dst="1" />
</dwsync>